Words,FrequencyCount
the,68
and,66
to,37
a,33
I,26
your,24
for,23
with,22
is,20
on,19
you,19
of,17
this,17
recipe,17
by,15
out,14
in,13
it,13
at,11
an,11
all,9
from,8
so,8
have,8
these,8
amazing,8
&,8
can,7
my,7
be,7
To,7
me,6
our,6
fresh,6
very,6
-,6
over,6
as,6
#dilsefoodie,6
At,6
#streetfood,6
love,5
#foodporn,5
just,5
Diwali,5
them,5
Hendrickâ€™s,5
#HendricksMidsummer,5
floral,5
Delhi,5
This,5
Recipe,5
now,5
Chef,5
like,4
much,4
go,4
after,4
video,4
...,4
Chole,4
perfect,4
The,4
or,4
was,4
up,4
:,4
Midsummer,4
Solstice,4
Celebration,4
Who,4
With,4
one,4
aloo,4
In,4
that,4
Masala,4
Try,4
#streetstyle,4
momos,3
got,3
where,3
food,3
some,3
more,3
Paneer,3
chicken,3
favourite,3
right,3
know,3
make,3
main,3
#food,3
Chaap,3
what,3
taste,3
New,3
are,3
Itâ€™s,3
we,3
using,3
head,3
join,3
/,3
chance,3
Bring,3
bouquet,3
flowers,3
own,3
#HendricksGin,3
itâ€™s,3
Near,3
Sec,3
try,3
Kalka,3
not,3
level,3
Chaat,3
YouTube,3
been,3
recipes,3
let,3
used,3
usually,3
but,3
#sanjyotkeer,3
@sanjyotkeer,3
#indiancuisine,3
prep,3
idli,3
channel,3
someone,2
Chicken,2
starter,2
tandoori,2
My,2
party,2
till,2
Love,2
table,2
bread,2
pizza,2
bhi,2
ru,2
guys,2
having,2
â™¥ï¸,2
Best,2
Lajpat,2
best,2
dinner,2
ki,2
Nagar,2
topped,2
then,2
For,2
ingredients,2
here,2
pick,2
Peri,2
Pizza,2
get,2
yourself,2
two,2
people,2
us,2
time,2
loved,2
@thewanderink,2
",",2
beautiful,2
packaging,2
@ginexplorersclub,2
infusion,2
orange,2
Vanilla,2
celebrate,2
RSVP,2
Cup,2
stand,2
bring,2
2,2
Tea,2
Turn,2
into,2
adorning,2
foraged,2
collection,2
Upload,2
Tag,2
when,2
new,2
enchanting,2
add,2
cucumber,2
style,2
bottle,2
INR,2
,2
â€¢,2
Vasant,2
sustainable,2
winter,2
Delicious,2
ke,2
Vegetable,2
Pulao,2
Here,2
?,2
Fluffiest,2
Omelette,2
Your,2
You,2
Been,2
On,2
Ji,2
South,2
011,2
Of,2
Dilsefoodie,2
easy,2
Ready,2
Walo,2
kaam,2
But,2
Corner,2
Was,2
By,2
Aloo,2
Facebook!,2
Check,2
Kaju,2
Katli,2
WITH,2
DIWALI,2
Facebook,2
No,2
Oven,2
Eggless,2
Chocolate,2
Brownie,2
bake,2
do,2
turns,2
#foodie,2
#cake,2
....#recipe,2
@morphyrichardsindia,2
actually,2
"happened,",2
prepped,2
before,2
really,2
forgot.,2
Shot,2
again,2
months,2
haha.,2
After,2
curating,2
than,2
1000+,2
videos,2
different,2
"platforms,",2
doesnâ€™t,2
happen,2
often,2
sometimes,2
flow,2
forget,2
already,2
published,2
happens,2
turn,2
good.,2
Never,2
"mind,",2
too.,2
case,2
missed,2
last,2
"time,",2
hope,2
it.,2
left,2
idlis,2
"well,",2
rava,2
quickly.,2
#idli,2
#southindianfood,2
legit,1
want,1
look,1
that.,1
Not,1
"kidding,",1
swear.ğŸ¥ºâ¤ï¸,1
"platter,",1
afghani,1
"Echoes,",1
Hudson,1
Lane.ğŸ˜I,1
am,1
craving,1
those,1
thick,1
shakes.ğŸ˜‹â¤ï¸,1
family,1
diwali,1
sorted.ğŸª”,1
All,1
thanks,1
magic,1
pin,1
crazy,1
"offers,",1
grocery,1
huge,1
discount.ğŸŒ¸,1
#magicPinDiwaliWeek,1
sale,1
13th,1
November,1
save,1
upto,1
50%,1
off,1
"grocery,",1
online,1
"order,",1
shopping,1
more.ğŸ›Do,1
download,1
app,1
avail,1
magical,1
deals,1
@mymagicpin.â­ï¸.#SaveWithmagicpin,1
#magicDiwali,1
#magicpinDiwaliWeek,1
@mymagicpindelhi,1
Momos,1
momos.ğŸ˜ğŸ¤¤Lunching,1
yummy,1
"momos,",1
manchurian,1
fried,1
rice.ğŸ¥¢,1
"quesadillas,",1
veg,1
lasagna,1
"restaurant,",1
QDs.,1
now.ğŸ¤¤â¤ï¸,1
Cheesy,1
garlic,1
@cafefioreindia,1
ğŸ¤¤ğŸ˜.#Cheese,1
#GarlicBread,1
Happy,1
Birthday,1
Staaar.â­ï¸ğŸ˜˜You,1
you.â¤ï¸.#HappyBirthday,1
#ZingyZest,1
Things,1
never,1
wrong,1
lime,1
mojito.ğŸ˜I,1
had,1
pizzas,1
World,1
"Trail,",1
Noida.ğŸ˜‹,1
Afghani,1
shawrma,1
long.ğŸ”¥ğŸ¤¤.Watch,1
end,1
see,1
how,1
nicely,1
they,1
delectable,1
shawarma.â¤ï¸,1
Without,1
any,1
doubt!ğŸ˜ğŸ¥°,1
Kabhi,1
kabhi,1
heathy,1
Breakfast,1
karna,1
chahiye,1
ğŸ™ˆğŸ™ˆ,1
Baked,1
Pasta,1
Sandwich,1
ğŸ˜ğŸ˜,1
Todayâ€™s,1
lunch,1
Chawal,1
â™¥ï¸â™¥ï¸.What,1
lunch?,1
Mausam,1
Halki,1
halki,1
si,1
thandak,1
garma,1
garam,1
Maggi,1
Ram,1
Ladoo,1
nagar,1
he,1
khaye,1
hai,1
Maine,1
apko,1
kaha,1
par,1
lage?,1
Aaj,1
ka,1
Paratha,1
Din,1
shuruwaat,1
Bhature,1
kai,1
sath,1
â™¥ï¸â™¥ï¸.Apka,1
favorite,1
spot,1
Bhature?,1
.My,1
=,1
Durga,1
"Sweets,",1
Nauroji,1
Crisp,1
kachori,1
masaaledaar,1
chole,1
fromFateh,1
Kachori,1
@,1
Civil,1
Lines,1
....#hogging,1
#drooling,1
#drool,1
#foodlove,1
#foodlover,1
#foodgasm,1
#delhi,1
#delhifood,1
#justdelhiing,1
#delhifoodwalks,1
#photography,1
#delhites,1
#delhilove,1
#foodphotography,1
#foodislife,1
#fatehkikachori,1
#SoDelhi,1
â€¢MAGGI,1
IN,1
A,1
BREAD,1
LOAFâ€¢ğŸ”¥,1
Freshly,1
made,1
cheese,1
maggi,1
stuffed,1
inside,1
loaf,1
loads,1
mozzarella,1
cheeseğŸ¤¤,1
Soya,1
Malai,1
tonight,1
dinner?,1
Think,1
authentic,1
wood,1
fired,1
"pizzas,",1
curated,1
straight,1
outta,1
"York,",1
brought,1
door!,1
@nyc.pie,1
sort,1
cravings,1
host,1
pre-Diwali,1
game,1
night!,1
â™£ï¸â™¦ï¸ğŸ•Not,1
"pizza,",1
they've,1
covered,1
more-,1
specialties,1
menu,1
Times,1
"Square,",1
Yankee,1
"Stadium,",1
Ass,1
"Kicker,",1
wings,1
BBQ,1
"sauce,",1
Spaghetti,1
meatballs,1
{made,1
house},1
many,1
more!,1
ğŸ•ğŸğŸ—Fun,1
fact:,1
"NYC.PIE,",1
started,1
ex-four,1
seasons,1
F&B,1
"veteran,",1
has,1
earned,1
themselves,1
title,1
'Best,1
Restaurant',1
three,1
years,1
row-,1
"on,",1
now!Call,1
+91,1
8882993366,1
order!,1
âœ¨is,1
around,1
corner,1
weâ€™ve,1
realised,1
there,1
kinds,1
world!,1
.Tell,1
Gulab,1
Jamun,1
person,1
Jalebi,1
person?,1
ğŸ¤”,1
year,1
list,1
5,1
exquisite,1
lovely,1
treats,1
{tableware,1
brands},1
gotta,1
intimate,1
affairs,1
festive,1
season,1
âœ¨,1
even,1
gifting,1
close,1
ones:Â 1.,1
@ikkis.21,1
â€¨2.,1
@baarique,1
â€¨3.,1
@kaunteya_tableware,1
â€¨4.,1
@therosebucklife,1
â€¨5.,1
@studioobjectry,1
Shout,1
brining,1
alive,1
vision,1
designing,1
hand-painted,1
illustrations,1
Infusion,1
Kits!Â .From,1
Lavender,1
fields,1
"infusion,",1
gin,1
changes,1
colour,1
deep,1
blue/lavender,1
pink,1
Backyard,1
Berries,1
"peels,",1
candied,1
strawberries,1
juniper,1
"berries,",1
beautifully,1
captured,1
!.The,1
box,1
inspired,1
cards..Thanks,1
making,1
fabulous,1
one!,1
Spice,1
coffee,1
routine,1
"season,",1
grind.,1
Cinnamon,1
Single,1
Origin,1
Cold,1
Brew,1
@eatdirtygood,1
!,1
ğŸ¤©Now,1
"menu,",1
cold,1
brew,1
infused,1
most,1
@livegourm,1
Ugandan,1
organic,1
cinnamon..Limited,1
"batch,",1
order,1
yours,1
now.,1
publication,1
@snackytunes,1
Music,1
Main,1
"Ingredient,",1
"Chefs,",1
their,1
"Music,",1
authors,1
live,1
conversation,1
"@poojadhingra,",1
"@manubuffara,",1
@lisamishramusic..A,1
veryÂ interesting,1
intersection,1
music,1
"food,",1
through,1
Snacky,1
Tunes,1
"website,",1
@PhaidonSnaps,1
purchase,1
book,1
proceeds,1
being,1
donated,1
@cuddlesfoundation,1
@mulheres.do.bem,1
.Â .Head,1
link,1
bio,1
now!.Event,1
Info:Sat,1
Nov,1
7th,1
7PM,1
IST,1
1:30PM,1
GMT,1
10:30AM,1
BST,1
8:30AM,1
ESTEvent,1
streamed,1
onÂ snackytunes.com,1
#GiveawayAlert!,1
Hereâ€™s,1
adorn,1
tipples,1
treat,1
senses,1
winning,1
delightful,1
experience,1
home!,1
ğŸ¸ğŸŒ¸Create,1
home,1
magic-,1
weâ€™re,1
looking,1
winners,1
{Delhi,1
Gurgaon,1
only}.â€¢,1
G&T,1
Hendricks,1
Gin,1
â˜•ï¸â€¢,1
ğŸŒ¸ğŸ’â€¢,1
picture,1
creation,1
stories,1
tagging,1
@hendricksginâ€¢,1
friends,1
fun,1
ğŸ¸Terms:1.,1
Contest,1
closes,1
"Monday,",1
9th,1
November.2.,1
Participants,1
must,1
legal,1
drinking,1
age,1
25,1
years.@hendricksgin,1
doesn't,1
"party,",1
especially,1
Hendrick's,1
â€˜G&Tâ€™,1
party.,1
Are,1
right?We,1
celebrated,1
creating,1
call,1
Cup-,1
visual,1
ode,1
gin.,1
cups,1
celebration!Follow,1
along,1
create,1
Cup:1.,1
tea,1
cup,1
â˜•ï¸2.,1
Pour,1
50ml,1
ice,1
ğŸ§Š3.,1
Garnish,1
3,1
slices,1
slice,1
tonic,1
water,1
ğŸ¥’ğŸŠ4.,1
ğŸ’ğŸŒ¸ğŸŒ¹Voila!,1
Youâ€™ve,1
created,1
Cup!@hendricksgin,1
"Alas,",1
revealing,1
awaited,1
"mystery,",1
presenting,1
Limited,1
Edition,1
Gin!This,1
take,1
house,1
brings,1
botanical,1
palate.,1
fragrant,1
zest,1
subtle,1
spice,1
giving,1
way,1
crisp,1
signature,1
rose,1
"whisper,",1
makes,1
summertime,1
drink!,1
ğŸŒ¸ğŸ¸ğŸŒ¿Weâ€™re,1
bringing,1
batch,1
"beauty,",1
limited,1
only-,1
hands,1
cherish,1
summer,1
now!Available,1
across,1
stores,1
GurgaonPrice:,1
4550,1
{Delhi},1
3800-4500,1
{Gurgaon}You,1
grab,1
outlets,1
among,1
others:,1
Delhi:â€¢,1
Ashok,1
T.,1
"Gulrajani,",1
Jangpura,1
Extensionâ€¢,1
Pawan,1
Kumar,1
"Verma,",1
INA,1
RNA,1
Agencies,1
Pvt.,1
"Ltd.,",1
Square,1
"Mall,",1
Kunjâ€¢,1
Vimal,1
Nath,1
"Monga,",1
Select,1
City,1
"Walk,",1
SaketGurgaon:,1
"Lakeforest,",1
Galleria/,1
Golf,1
Corse,1
Roadâ€¢,1
"ADS,",1
Ambience,1
Mall/,1
MG,1
Road/,1
Cyber,1
Hubâ€¢,1
G,1
"TOWN,",1
31/,1
40/,1
54,1
Metro,1
Station@hendricksgin,1
aficionados,1
"there,",1
weekend,1
toÂ @theearthcollectiveÂ at,1
Sundar,1
Nursery.,1
Earth,1
Collective,1
Organic/Natural,1
Lifestyle,1
Market,1
"produce,",1
lifestyle,1
"products,",1
"alternatives,",1
more..Come,1
"winter,",1
becomes,1
natureâ€™s,1
"canvas,",1
splashes,1
color,1
full,1
"bloom,",1
marvel,1
16th-century,1
historical,1
"monuments,",1
veggies,1
fruits..Here,1
picks,1
market:1.,1
oatmeal,1
choco,1
chip,1
cookies,1
fromÂ @upma_khannaÂ with,1
morning,1
cuppa,1
fromÂ @bili.hu.coffees2.,1
Moth,1
dal,1
pakoode,1
byÂ @manvaar_3.,1
"Poori,",1
dum,1
kheer,1
@annu_kitchen24,1
4.,1
Bajra,1
Choorma,1
@zosh_organic,1
5.,1
Besan,1
ladoos,1
pinniâ€™s,1
@mumma_ki_rasoi_,1
Every,1
Saturday,1
"Sunday,",1
8,1
AM,1
1,1
PM.PS.,1
Wear,1
"masks,",1
picnic,1
mats,1
furry,1
friends!!,1
RecipeAnyone,1
Prefer,1
Rather,1
Than,1
Plain,1
Rice,1
Easy,1
Way,1
Make,1
HomeTry,1
And,1
Share,1
Picture,1
Us,1
Use,1
will,1
repost,1
story,1
Shifted,1
Dream,1
House,1
GKRibbon,1
ğŸ€,1
Cutting,1
Ceremony,1
ğŸ’.#dilsefoodie,1
Options,1
MarketHave,1
These,1
Places,1
Woodfire,1
@pitzassy,1
JiFlat,1
25%,1
Off,1
Rs,1
1000,1
Bill,1
"Pitzassy,",1
JiTag,1
Friends,1
Live,1
Or,1
Order,1
"43161012,01143161013,",1
43161014Offer,1
Is,1
Valid,1
Till,1
14th,1
November#dilsefoodie,1
Headquarter,1
GK,1
-1The,1
Journey,1
3years,1
From,1
North,1
task,1
(without,1
selling,1
dad's,1
old,1
house),1
2years,1
back,1
told,1
low,1
can't,1
"""",1
Ye,1
Ke,1
Saath,1
Pictures,1
Click,1
Karata,1
"Hai""",1
listen,1
decided,1
work,1
hard,1
reach,1
proof,1
saath,1
karke,1
pe,1
aya,1
hu,1
Koi,1
chota,1
ya,1
bada,1
nahi,1
hota.,1
few,1
matters,1
alot,1
shayad.,1
#southdelhi,1
#gk1,1
Gupta,1
Punjabi,1
BaghPunjabi,1
Bagh,1
Ka,1
Famous,1
Have,1
Place.?,1
That,1
Gravy,1
Okok,1
Roll,1
Good.#dilsefoodie,1
Series,1
Alert,1
One,1
Day,1
Trip,1
DilsefoodieReleasing,1
First,1
Episode,1
Today,1
Channel,1
Official@m.bindra.photography@chatpati_shikha,1
#delhitovrindavan,1
#Onedaytrip,1
Masaledaar,1
Mutton,1
Roti,1
Sardar,1
Meat,1
"Wale,",1
Azad,1
MarkeHave,1
place,1
if,1
plan,1
ğŸ˜Š.#dilsefoodie,1
Mix,1
Karan,1
DuaTag,1
Someone,1
Would,1
Recipe.,1
Tuk,1
out!,1
absolutely,1
chaat,1
keep,1
trying,1
various,1
versions,1
experimenting.,1
"chaat,",1
crispy,1
chutneys,1
also,1
prepping,1
tuk,1
idea,1
combining,1
results,1
were,1
fab!,1
know!,1
Jaggery,1
now!,1
sugar,1
free,1
healthy,1
too!,1
#TakeNoChances,1
YOUR,1
SPECIAL,1
KAJU,1
KATLI,1
SAFE,1
#GodrejViroShield,1
@godrejappliance,1
special,1
recipe-,1
Healthy,1
jaggery,1
going,1
today,1
6:30,1
pm!,1
Stay,1
tuned!,1
@sanjyotkeer..Special,1
public,1
demand!!,1
kadhai,1
brownies,1
lot,1
amazing.,1
Do,1
delicious,1
brownies!,1
Cheers!....#Recipe,1
#cakesofinstagram,1
#baking,1
#bakingtime,1
#cakestagram,1
#cakelover,1
"Guys,",1
#TwistedRecipe,1
Prawn,1
Sheera,1
here!,1
Sounds,1
"odd,",1
right?,1
"Well,",1
why,1
don't,1
check,1
real,1
twist,1
classic,1
;)@vimindia,1
Briyani,1
#foodiesofinstagram,1
#aloo,1
#indianfood,1
Tandoori,1
Bread,1
Samosa,1
#MorphyRichardsThis,1
"recipe,",1
delicious.,1
win,1
Morphy,1
Richards,1
Products,1
participating,1
#CookItMyWay,1
challengeAll,1
is:1.,1
Prepare,1
appetizer,1
without,1
butter/ghee/oil2.,1
photo,1
Instagram,1
tell,1
method,1
used3.,1
@yourfoodlab,1
use,1
#CookItMyWay4.,1
Follow,1
pageT&C,1
Apply,1
@sanjyotkeer...This,1
know....#recipes,1
#idlilove,1
#southindian,1
#foodies,1
Idli,1
Yotube,1
out.,1
know....#recipe,1
#recipeoftheday,1
#masala,1
#mumbaistreetfood,1
#fooddaily,1
#yourfoodtographer,1
#instadaily,1
Bhindi,1
#comfortfood,1
#bhindimasala,1
